Train set,Test set
0.9594074074074074,0.9493333333333334
